chapter,verse,speaker,sanskrit,translation,youtube_link,download_link
1,1,,धर्मक्षेत्रे कुरुक्षेत्रे समवेता युयुत्सवः| मामकाः पाण्डवाश्चैव किमकुर्वत सञ्जय  || 1.1 || ,"Dhritarashtra said, ""What did my people and the sons of Pandu do when they had assembled together, eager for battle, on the holy plain of Kurukshetra, O Sanjaya?""",https://www.youtube.com/watch?v=lW1kilajTUs,/static/gita_portal_data/pdfs/1-1.pdf
1,2,,दृष्ट्वा तु पाण्डवानीकं व्यूढं दुर्योधनस्तदा| आचार्यमुपसङ्गम्य राजा वचनमब्रवीत्  || 1.2 || ,"Sanjaya said: Having seen the army of the Pandavas drawn up in battle array, King Duryodhana approached his teacher, Drona, and spoke these words.",https://www.youtube.com/watch?v=GUcWC2eC1Mc,/static/gita_portal_data/pdfs/1-2.pdf
1,3,,पश्यैतां पाण्डुपुत्राणामाचार्य महतीं चमूम्| व्यूढां द्रुपदपुत्रेण तव शिष्येण धीमता  || 1.3 || ,"Behold, O Teacher! This mighty army of the sons of Pandu, arrayed by the son of Drupada, thy wise disciple.",https://www.youtube.com/watch?v=AfwJNRcLxLk,/static/gita_portal_data/pdfs/1-3.pdf
1,4,,अत्र शूरा महेष्वासा भीमार्जुनसमा युधि| युयुधानो विराटश्च द्रुपदश्च महारथः  || 1.4 || ,"Here are heroes, mighty archers, equal in battle to Bhima and Arjuna, Yuyudhana (Satyaki), Virata, and Drupada—all mighty warriors.",https://www.youtube.com/watch?v=h9EERqjLnXY,/static/gita_portal_data/pdfs/1-4.pdf
1,5,,धृष्टकेतुश्चेकितानः काशिराजश्च वीर्यवान्| पुरुजित्कुन्तिभोजश्च शैब्यश्च नरपुङ्गवः  || 1.5 || ,"Dhrishtaketu, Chekitana, the valiant king of Kasi, Purujit, Kuntibhoja, and Saibya—the best of men.",https://www.youtube.com/watch?v=gxhVsuCTm6s,/static/gita_portal_data/pdfs/1-5.pdf
1,6,,युधामन्युश्च विक्रान्त उत्तमौजाश्च वीर्यवान्| सौभद्रो द्रौपदेयाश्च सर्व एव महारथाः  ||  || 1.6 || ,"The strong Yudhamanyu and the brave Uttamaujas, the son of Subhadra (Abhimanyu, the son of Subhadra and Arjuna), and the sons of Draupadi, all of them great charioteers (great heroes).""",https://www.youtube.com/watch?v=4TB2_O8iNtI,/static/gita_portal_data/pdfs/1-6.pdf
1,7,,अस्माकं तु विशिष्टा ये तान्निबोध द्विजोत्तम| नायका मम सैन्यस्य संज्ञार्थं तान्ब्रवीमि ते  || 1.7 || ,"Know also, O best among the twice-born! the names of those who are the most distinguished amongst ourselves, the leaders of my army; these I name to you for your information.",https://www.youtube.com/watch?v=KoqaVMlgaQc,/static/gita_portal_data/pdfs/1-7.pdf
1,8,,भवान्भीष्मश्च कर्णश्च कृपश्च समितिञ्जयः| अश्वत्थामा विकर्णश्च सौमदत्तिस्तथैव च  || 1.8 || ,"""Thou thyself, Bhishma, Karna, Kripa, the victorious in war, Asvatthama, Vikarna, and Bhurisrava, the son of Somadatta—all these are ready for battle.""",https://www.youtube.com/watch?v=VaRye1uf6do,/static/gita_portal_data/pdfs/1-8.pdf
1,9,,अन्ये च बहवः शूरा मदर्थे त्यक्तजीविताः| नानाशस्त्रप्रहरणाः सर्वे युद्धविशारदाः  || 1.9 ||,"And also many other heroes, ready to give up their lives for my sake, armed with various weapons and missiles, all well-skilled in battle.",https://www.youtube.com/watch?v=ZybquQ2Kxrg,/static/gita_portal_data/pdfs/1-9.pdf
