Kanda/Book,Sarga/Chapter,Shloka/Verse Number,English Translation
Bala Kanda,1,1,"The ascetic Valmiki inquired Naarada - 'who engaged deeply in austerity and study of Vedas, best among the eloquent and eminent among sages' (as follows:)."
Bala Kanda,1,2,"""Who really is that person in this present world, who is virtuous and vigorous, a conscientious one, one who is mindful of good deeds done to him, and also a speaker of truth and who is determined in his deed..."
Bala Kanda,1,3,"""Who is appropriate in disposition... who is interested in welfare of all beings... who is adept and also an able one... also uniquely pleasant to look at..."
Bala Kanda,1,4,"""Who is that self-composed one, who controlled his ire, who is brilliant, non-jealous and whom do even the gods fear, when provoked to war..."
Bala Kanda,1,5,"""All this I wish to listen from you, oh! Great Sage, you are competent to know this kind of man, and indeed my inquisitiveness is immense..."" Thus Valmiki enquired with Narada."
Bala Kanda,1,6,"On listening all those words of Valmiki, Narada, the knower of all the three worlds, said ""let it be heard..."" and beckoning at Sage Valmiki to listen attentively, he spoke these words very gladly."
Bala Kanda,1,7,"""Oh! Sage Valmiki, the merits which you have extolled are many, and unattainable. I, after having known from Brahma of such a man with all these merits, will speak on...Let it be heard."" Thus Narada started to say."
Bala Kanda,1,8,"""One emerged from Ikshvaku dynasty, known to people as Rama by name. He is with a controlled self, highly valorous, resplendent, steadfast and a controller of (vice and vile... or) his own senses."
Bala Kanda,1,9,"""He is a wise one, moralist, eloquent, glorious, and a destroyer of enemies. His arms are lengthy, with three lines in the neck [indicative of good fortune], and cheekbones high..."
