chapter,verse,sanskrit,translation,question
1,1,अथ योगानुशासनम्,"Now, the teachings of yoga are presented since the student is ready to received these teachings.",When does Yoga commence? When should I start doing Yoga?
1,2,योगश्चित्तवृत्तिनिरोधः,The purpose of yoga is to quieten the fluctuations of the chitta (mind).,What is the purpose of Yoga?
1,3,तदा द्रष्टुः स्वरूपेऽवस्थानम्,"Once the state of Yoga is achieved, pure consciousness resides in its intrinsic nature.",What is the end result of Yoga practice?
1,4,वृत्तिसारूप्यमितरत्र,"Till the state of Yoga is achieved, consciousness identifies itself with the mental patterns.",What is the usual state of our awareness? How does the mind behave when it is not controlled?
1,5,वृत्तयः पञ्चतय्यः क्लिष्टाक्लिष्टाः,"These mental patterns can be classified into five types, which include both harmful and harmless ones.",What are the different types of thoughts? How many types of mental modifications are there? Into how many categories can our thoughts be divided?
1,6,प्रमाणविपर्य्यविकल्पनिद्रास्मृतयः,"These five types of mental patters are right perception, misperception, conceptualization, deep sleep, and memory.",What are the five types of mental modifications? What are the five kinds of thoughts in Yoga?
1,7,प्रत्यक्षानुमानागमाः प्रमाणानि,"Right perception arises from direct observation, inference, or the words of others.",What constitutes right perception? What are the methods to acquire right perception? What is right perception?
1,8,विपर्ययो मिथ्याज्ञानमतद्रूपप्रतिष्ठम्,"False knowledge arises from misperception, which is not based on reality.",What is wrong knowledge? What is error?
1,9,शब्दज्ञानानुपाती वस्तुशून्यो विकल्पः,"Imagination is a product of language-based knowledge, rather than direct experience with the physical world.",Define Imagination? What is imagination? What is fantasy?
